Date,Open,Close,High,Low,Volume
2023-08-09,16.73,16.51,16.85,16.19,0
2023-08-10,15.16,15.63,15.81,15.08,0
2023-08-11,15.36,15.37,15.38,15.34,0
2023-08-14,15.95,15.74,16.16,15.48,0
2023-08-15,16.85,16.85,16.98,16.5,0
2023-08-16,16.49,16.88,17.0,16.41,0
2023-08-17,16.61,16.56,16.74,16.0,0
2023-08-18,17.14,16.92,17.29,16.74,0
2023-08-21,16.47,16.48,16.49,16.47,0
2023-08-22,16.53,16.49,16.62,16.1,0
2023-08-23,17.69,17.68,17.86,17.65,0
2023-08-24,17.63,17.54,17.72,17.22,0
2023-08-25,23.45,23.42,23.57,23.38,0
2023-08-28,23.31,23.37,23.71,23.13,0
2023-08-29,23.55,23.4,23.68,23.4,0
2023-08-30,29.82,29.11,29.93,29.09,0
2023-08-31,29.15,29.1,29.17,29.01,0
2023-09-01,28.97,28.63,29.07,28.62,0
2023-09-05,27.99,28.02,28.07,27.76,0
2023-09-06,27.51,27.54,27.59,27.44,0
2023-09-07,27.27,27.41,27.44,27.21,0
2023-09-08,27.01,27.28,27.39,26.74,0
2023-09-11,26.39,26.27,26.88,26.24,0
2023-09-12,25.57,26.09,26.24,25.51,0
2023-09-13,25.92,25.94,26.22,25.85,0
2023-09-14,25.89,25.8,26.16,25.54,0
2023-09-15,25.8,25.69,25.82,25.28,0
2023-09-18,24.85,24.88,24.99,24.76,0
2023-09-19,24.71,24.8,24.85,24.42,0
2023-09-20,24.6,24.52,24.76,24.4,0
2023-09-21,24.88,24.85,24.92,24.75,0
2023-09-22,24.68,24.83,24.83,24.66,0
2023-09-25,25.18,25.26,25.41,25.07,0
2023-09-26,25.5,25.51,25.66,25.48,0
2023-09-27,25.75,25.42,25.83,25.23,0
2023-09-28,25.74,25.52,25.82,25.51,0
2023-09-29,25.26,25.05,25.53,24.51,0
2023-10-02,25.13,24.97,25.19,24.65,0
2023-10-03,23.95,23.98,24.02,23.75,0
2023-10-04,24.58,24.63,24.69,24.54,0
2023-10-05,23.63,23.7,23.75,23.63,0
2023-10-06,23.64,23.72,23.8,23.58,0
2023-10-09,23.3,23.3,23.92,23.26,0
2023-10-10,23.68,23.71,23.71,23.68,0
2023-10-11,23.47,23.29,23.58,22.92,0
2023-10-12,22.87,22.97,23.2,22.63,0
2023-10-13,23.42,23.22,23.58,22.57,0
2023-10-16,22.8,22.91,22.94,22.64,0
2023-10-17,23.56,23.37,23.96,23.16,0
2023-10-18,23.69,23.96,24.06,23.32,0
2023-10-19,23.91,23.98,24.0,23.89,0
2023-10-20,23.51,23.84,23.93,23.47,0
2023-10-23,23.4,23.67,24.19,23.26,0
2023-10-24,23.49,23.49,24.35,23.29,0
2023-10-25,23.95,23.77,23.95,23.76,0
2023-10-26,22.82,22.81,22.84,22.66,0
2023-10-27,23.0,23.0,23.12,22.96,0
2023-10-30,23.62,23.53,23.9,23.19,0
2023-10-31,23.03,22.85,23.26,22.61,0
2023-11-01,23.03,23.03,23.12,22.93,0
2023-11-02,23.5,23.52,23.55,23.47,0
2023-11-03,23.79,23.61,23.83,23.57,0
2023-11-06,23.47,23.41,23.84,23.34,0
2023-11-07,24.23,24.11,24.25,23.95,0
2023-11-08,24.41,24.35,24.42,24.28,0
2023-11-09,24.42,24.19,24.59,24.03,0
2023-11-10,23.78,23.97,24.11,23.69,0
2023-11-13,23.47,23.46,23.48,23.42,0
2023-11-14,22.91,22.93,22.96,22.9,0
2023-11-15,23.34,23.37,23.47,23.3,0
2023-11-16,23.51,23.5,23.52,23.49,0
2023-11-17,23.38,23.42,23.5,23.34,0
2023-11-20,22.87,22.76,23.22,22.56,0
2023-11-21,22.79,22.79,22.93,22.75,0
2023-11-22,23.06,23.26,23.27,23.02,0
2023-11-24,24.13,24.15,24.59,23.75,0
2023-11-27,28.67,28.72,28.72,28.6,0
2023-11-28,27.87,27.92,28.22,27.81,0
2023-11-29,27.38,27.39,27.52,27.27,0
2023-11-30,27.02,27.23,27.44,26.98,0
2023-12-01,26.73,27.02,27.04,26.63,0
2023-12-04,26.56,26.56,26.57,26.49,0
2023-12-05,25.71,25.8,25.89,25.65,0
2023-12-06,25.65,25.69,26.55,25.24,0
2023-12-07,25.46,25.89,26.73,25.03,0
2023-12-08,24.96,24.82,25.22,24.73,0
2023-12-11,24.41,24.43,24.44,24.41,0
2023-12-12,25.04,25.05,25.11,24.88,0
2023-12-13,25.12,25.22,25.42,24.34,0
2023-12-14,25.61,25.64,25.77,25.53,0
2023-12-15,25.66,25.73,25.74,25.61,0
2023-12-18,25.74,25.53,25.79,25.5,0
2023-12-19,25.68,25.68,25.69,25.67,0
2023-12-20,26.84,26.63,27.23,26.42,0
2023-12-21,26.62,26.58,26.63,26.52,0
2023-12-22,26.15,26.22,26.26,26.12,0
2023-12-26,25.22,25.49,25.8,25.07,0
2023-12-27,25.35,25.35,25.35,25.35,0
2023-12-28,24.96,25.2,25.5,24.5,0
2023-12-29,25.35,25.19,25.39,24.86,0
2024-01-02,24.74,24.71,24.81,24.66,0
2024-01-03,24.47,24.26,24.85,24.0,0
2024-01-04,24.55,24.55,24.59,24.54,0
2024-01-05,25.0,24.75,25.3,24.28,0
2024-01-08,25.07,24.79,25.14,24.76,0
2024-01-09,24.42,24.53,25.03,24.32,0
2024-01-10,23.94,23.96,24.22,23.73,0
2024-01-11,24.69,24.71,24.76,24.67,0
2024-01-12,24.71,24.83,24.91,24.69,0
2024-01-16,24.97,24.85,25.21,24.43,0
2024-01-17,25.79,25.19,26.02,25.08,0
2024-01-18,24.75,24.76,24.82,24.73,0
2024-01-19,24.39,24.59,25.02,23.85,0
2024-01-22,24.9,24.84,25.06,24.7,0
2024-01-23,24.59,24.62,24.76,24.52,0
2024-01-24,23.79,23.98,24.24,23.44,0
2024-01-25,23.61,23.55,23.69,23.51,0
2024-01-26,23.91,23.54,23.94,23.39,0
2024-01-29,23.55,23.61,23.62,23.54,0
2024-01-30,23.98,23.53,24.28,23.19,0
2024-01-31,23.74,23.67,24.0,23.41,0
2024-02-01,23.16,23.35,23.53,23.16,0
2024-02-02,22.83,22.98,23.04,22.68,0
2024-02-05,22.87,22.9,23.14,22.59,0
2024-02-06,22.48,23.12,23.63,22.47,0
2024-02-07,22.68,22.62,22.7,22.61,0
2024-02-08,22.69,22.66,22.69,22.62,0
2024-02-09,23.36,23.17,23.83,23.08,0
2024-02-12,22.42,22.63,22.8,22.15,0
2024-02-13,22.1,22.67,22.71,21.95,0
2024-02-14,22.17,22.08,22.27,22.07,0
2024-02-15,22.35,22.37,22.47,22.13,0
2024-02-16,22.33,22.31,22.39,22.21,0
2024-02-20,22.33,22.26,22.44,22.25,0
2024-02-21,23.31,23.33,23.42,23.27,0
2024-02-22,23.19,23.15,23.19,23.13,0
2024-02-23,22.85,22.93,23.08,22.61,0
2024-02-26,23.29,23.36,23.67,23.09,0
2024-02-27,22.83,22.94,23.06,22.83,0
2024-02-28,23.34,23.16,23.35,23.1,0
2024-02-29,23.45,23.39,23.55,23.36,0
2024-03-01,23.47,23.09,23.69,23.07,0
2024-03-04,22.46,22.6,22.69,22.42,0
2024-03-05,23.16,23.11,23.25,22.62,0
2024-03-06,23.1,23.11,23.14,23.03,0
2024-03-07,23.2,23.11,23.25,22.95,0
2024-03-08,23.16,23.16,23.16,23.16,0
2024-03-11,22.86,22.89,23.25,22.51,0
2024-03-12,22.0,22.04,22.31,21.99,0
2024-03-13,22.53,22.6,22.68,22.43,0
2024-03-14,22.38,22.72,23.09,22.27,0
2024-03-15,22.95,22.9,23.01,22.9,0
2024-03-18,23.53,23.22,23.56,23.01,0
2024-03-19,23.25,23.59,23.84,23.13,0
2024-03-20,24.2,24.07,24.45,24.02,0
2024-03-21,23.66,23.67,23.79,23.5,0
2024-03-22,24.33,24.31,24.35,24.26,0
2024-03-25,23.74,23.73,23.76,23.73,0
2024-03-26,23.24,23.23,23.45,22.54,0
2024-03-27,23.76,23.48,23.77,23.33,0
2024-03-28,23.25,23.16,23.25,22.95,0
2024-03-29,23.25,23.06,23.69,22.64,0
2024-04-01,23.52,23.47,23.97,23.36,0
2024-04-02,23.41,23.4,23.51,23.35,0
2024-04-03,23.4,23.39,23.41,23.3,0
2024-04-04,23.15,23.04,23.23,22.88,0
2024-04-05,23.37,23.37,23.41,23.28,0
2024-04-08,23.09,23.06,23.15,22.95,0
2024-04-09,22.45,22.83,23.29,22.45,0
2024-04-10,23.61,23.37,24.17,22.65,0
2024-04-11,24.3,23.92,24.65,23.83,0
2024-04-12,23.66,23.61,24.05,23.57,0
2024-04-15,23.16,23.16,23.16,23.16,0
2024-04-16,23.31,23.29,23.44,23.02,0
2024-04-17,22.55,22.52,22.56,22.51,0
2024-04-18,22.8,22.78,22.95,22.76,0
2024-04-19,22.29,22.17,22.72,21.82,0
2024-04-22,21.84,21.85,21.94,21.81,0
2024-04-23,22.1,22.02,22.62,21.97,0
2024-04-24,22.55,22.58,22.68,22.52,0
2024-04-25,23.17,22.66,23.19,22.59,0
2024-04-26,22.23,22.21,22.42,22.04,0
2024-04-29,22.14,22.11,22.16,22.03,0
2024-04-30,22.11,22.47,22.74,22.11,0
2024-05-01,21.91,21.83,22.04,21.75,0
2024-05-02,22.91,22.45,23.03,21.73,0
2024-05-03,21.66,21.7,21.83,21.63,0
2024-05-06,21.88,21.8,21.88,21.31,0
2024-05-07,22.75,22.52,23.08,22.51,0
2024-05-08,22.83,22.84,22.9,22.82,0
2024-05-09,23.0,22.67,23.27,22.62,0
2024-05-10,23.95,23.16,23.97,22.82,0
2024-05-13,23.34,23.43,23.45,23.21,0
2024-05-14,23.75,23.57,23.97,23.5,0
2024-05-15,22.85,22.74,22.99,22.38,0
2024-05-16,22.56,23.05,23.87,22.24,0
2024-05-17,22.58,22.79,22.95,22.56,0
2024-05-20,22.09,22.49,22.7,22.0,0
2024-05-21,22.28,22.17,22.28,22.04,0
2024-05-22,22.49,22.6,22.66,22.11,0
2024-05-23,22.77,22.98,23.63,22.47,0
2024-05-24,23.06,23.06,23.09,22.79,0
2024-05-28,23.1,23.19,23.58,22.85,0
2024-05-29,23.14,22.92,23.26,22.91,0
2024-05-30,22.87,22.86,23.0,22.68,0
2024-05-31,22.59,22.85,23.33,22.39,0
2024-06-03,27.79,27.74,27.96,27.63,0
2024-06-04,27.28,27.5,28.27,27.16,0
2024-06-05,26.85,26.37,27.08,26.32,0
2024-06-06,26.62,26.59,26.62,26.57,0
2024-06-07,26.51,26.47,26.58,26.3,0
2024-06-10,26.22,26.19,26.59,26.06,0
2024-06-11,26.69,26.5,26.91,25.93,0
2024-06-12,26.49,26.49,26.64,26.17,0
2024-06-13,25.77,26.05,26.07,25.59,0
2024-06-14,25.45,25.43,25.49,25.37,0
2024-06-17,25.16,25.23,25.51,24.96,0
2024-06-18,32.39,31.95,32.56,31.62,0
2024-06-19,31.07,31.03,31.6,30.68,0
2024-06-20,31.2,30.66,31.37,30.39,0
2024-06-21,30.24,29.96,30.83,29.63,0
2024-06-24,29.98,29.56,30.07,29.04,0
2024-06-25,29.24,29.12,29.26,28.98,0
2024-06-26,28.69,28.64,28.8,28.58,0
2024-06-27,28.02,27.93,28.24,27.55,0
2024-06-28,27.63,27.48,27.64,27.1,0
2024-07-01,26.94,27.06,27.17,26.28,0
2024-07-02,27.19,26.73,27.24,26.64,0
2024-07-03,26.78,26.8,26.88,26.71,0
2024-07-05,26.61,26.45,26.7,26.2,0
2024-07-08,25.81,25.92,26.53,25.59,0
2024-07-09,26.11,26.08,26.13,25.98,0
2024-07-10,25.84,25.88,25.95,25.78,0
2024-07-11,25.6,25.6,25.62,25.6,0
2024-07-12,25.85,25.9,25.96,25.76,0
2024-07-15,25.86,25.8,26.09,25.63,0
2024-07-16,25.98,25.99,26.12,25.89,0
2024-07-17,25.38,25.38,25.38,25.38,0
2024-07-18,25.21,25.23,25.25,25.2,0
2024-07-19,25.03,25.12,25.33,24.98,0
2024-07-22,25.44,25.26,25.76,25.25,0
2024-07-23,25.34,25.26,25.35,25.15,0
2024-07-24,25.24,25.32,25.33,25.23,0
2024-07-25,24.78,24.84,24.88,24.76,0
2024-07-26,24.57,24.83,25.14,24.24,0
2024-07-29,24.06,24.23,24.63,23.98,0
2024-07-30,23.94,24.04,24.36,23.93,0
2024-07-31,23.59,23.74,23.8,23.59,0
2024-08-01,23.36,23.58,23.74,23.27,0
2024-08-02,22.77,22.87,22.98,22.73,0
2024-08-05,22.91,22.82,23.16,22.74,0
2024-08-06,22.86,22.69,22.99,22.56,0
2024-08-07,22.33,22.49,22.75,22.18,0
2024-08-08,22.52,22.52,22.93,21.92,0
2024-08-09,22.52,22.49,22.56,22.39,0
2024-08-12,22.83,22.79,22.87,22.71,0
2024-08-13,22.32,22.32,22.35,22.29,0
2024-08-14,22.64,22.53,22.98,22.16,0
2024-08-15,21.98,22.04,22.16,21.65,0
2024-08-16,22.35,22.4,22.71,22.01,0
2024-08-19,22.46,22.48,22.59,22.43,0
2024-08-20,22.61,22.37,22.88,21.73,0
2024-08-21,22.92,22.64,22.92,22.51,0
2024-08-22,22.14,22.27,22.3,21.77,0
2024-08-23,22.01,22.14,22.47,21.48,0
2024-08-26,22.07,22.31,22.39,22.04,0
2024-08-27,22.62,22.46,22.91,22.0,0
2024-08-28,23.08,23.06,23.11,23.02,0
2024-08-29,23.15,22.96,23.47,22.93,0
2024-08-30,23.29,23.08,23.3,22.83,0
2024-09-03,23.25,23.36,23.5,23.16,0
2024-09-04,23.6,23.59,23.67,23.52,0
2024-09-05,23.47,23.32,23.55,23.14,0
2024-09-06,23.58,22.98,23.61,22.55,0
2024-09-09,22.88,22.96,23.03,22.88,0
2024-09-10,22.89,22.83,23.11,22.65,0
2024-09-11,21.85,22.13,22.41,21.82,0
2024-09-12,22.0,22.18,22.51,21.9,0
2024-09-13,22.39,22.44,22.59,21.91,0
2024-09-16,22.68,22.87,22.92,22.66,0
2024-09-17,22.76,22.74,22.76,22.71,0
2024-09-18,22.54,22.21,22.83,22.17,0
2024-09-19,22.02,22.02,22.02,22.02,0
2024-09-20,21.96,21.79,22.12,21.78,0
2024-09-23,22.38,22.24,22.43,21.59,0
2024-09-24,22.13,21.94,22.26,21.68,0
2024-09-25,21.76,22.09,22.27,21.74,0
2024-09-26,22.44,22.22,22.55,22.14,0
2024-09-27,22.5,22.21,22.56,22.03,0
2024-09-30,22.55,22.53,22.6,22.45,0
2024-10-01,22.5,22.63,22.71,22.34,0
2024-10-02,23.17,23.37,23.4,23.03,0
2024-10-03,23.01,23.03,23.18,22.99,0
2024-10-04,31.32,31.58,32.27,30.5,0
2024-10-07,30.67,31.49,32.38,30.37,0
2024-10-08,31.56,31.3,31.73,30.82,0
2024-10-09,31.25,31.03,31.52,30.48,0
2024-10-10,30.47,30.73,30.9,30.36,0
2024-10-11,30.83,30.84,31.41,30.3,0
2024-10-14,30.32,29.69,30.51,29.26,0
2024-10-15,29.25,28.89,29.3,28.34,0
2024-10-16,29.2,28.78,29.26,28.45,0
2024-10-17,28.74,28.57,28.89,28.38,0
2024-10-18,29.29,29.08,29.36,29.04,0
2024-10-21,29.15,28.92,29.85,27.95,0
2024-10-22,28.24,28.24,28.25,28.22,0
2024-10-23,27.51,27.79,27.97,27.46,0
2024-10-24,27.88,27.65,27.96,27.5,0
2024-10-25,27.06,27.14,27.17,27.04,0
2024-10-28,27.05,26.93,27.97,26.81,0
2024-10-29,26.23,26.24,26.24,26.19,0
2024-10-30,26.51,26.28,27.05,25.67,0
2024-10-31,25.71,25.77,25.82,25.69,0
2024-11-01,25.16,25.1,25.19,25.05,0
2024-11-04,24.83,25.15,25.55,24.79,0
2024-11-05,24.87,25.15,25.19,24.57,0
2024-11-06,26.09,25.82,26.24,25.76,0
2024-11-07,25.76,25.74,25.78,25.73,0
2024-11-08,25.63,26.07,26.65,25.27,0
2024-11-11,25.76,25.69,26.08,25.49,0
2024-11-12,25.57,25.45,25.7,25.0,0
2024-11-13,25.78,25.56,25.91,25.51,0
2024-11-14,24.93,24.89,25.04,24.83,0
2024-11-15,25.48,25.3,25.5,25.21,0
2024-11-18,24.82,24.71,24.83,24.17,0
2024-11-19,24.17,24.23,24.29,24.16,0
2024-11-20,24.03,23.95,24.15,23.43,0
2024-11-21,25.12,25.1,25.28,24.91,0
2024-11-22,24.8,24.82,25.04,24.72,0
2024-11-25,25.2,24.84,25.22,24.81,0
2024-11-26,24.44,24.44,24.44,24.44,0
2024-11-27,24.84,24.68,24.86,24.6,0
2024-11-29,24.41,24.45,24.46,24.41,0
2024-12-02,24.04,23.97,24.12,23.82,0
2024-12-03,24.38,24.37,24.71,24.34,0
2024-12-04,24.0,24.28,24.28,23.97,0
2024-12-05,23.98,24.37,24.38,23.95,0
2024-12-06,24.97,24.4,25.15,23.54,0
2024-12-09,24.55,24.47,24.89,24.08,0
2024-12-10,24.53,24.44,24.63,24.31,0
2024-12-11,23.75,24.09,24.33,23.71,0
2024-12-12,23.87,23.83,24.04,23.65,0
2024-12-13,24.21,23.74,24.31,22.98,0
2024-12-16,23.94,24.03,24.49,23.88,0
2024-12-17,24.03,23.95,24.09,23.82,0
2024-12-18,23.26,23.48,23.65,23.02,0
2024-12-19,23.73,23.79,23.99,23.7,0
2024-12-20,23.33,23.62,24.0,23.31,0
2024-12-23,23.69,23.68,23.69,23.67,0
2024-12-24,23.32,23.74,24.52,22.83,0
2024-12-26,23.91,23.86,24.17,23.69,0
2024-12-27,23.87,23.42,24.01,23.02,0
2024-12-30,23.37,23.38,23.38,23.36,0
2024-12-31,22.64,23.26,23.41,22.63,0
2025-01-02,23.07,23.31,23.91,22.9,0
2025-01-03,24.52,24.3,24.96,23.86,0
2025-01-06,24.6,24.73,24.91,24.57,0
2025-01-07,24.01,24.12,24.32,23.99,0
2025-01-08,24.11,23.66,24.2,23.58,0
2025-01-09,23.63,23.62,23.65,23.62,0
2025-01-10,23.91,23.95,24.05,23.84,0
2025-01-13,23.85,23.94,23.98,23.85,0
2025-01-14,23.71,23.71,23.71,23.7,0
2025-01-15,23.11,23.25,23.66,22.87,0
2025-01-16,22.82,22.77,22.82,22.43,0
2025-01-17,22.95,22.91,23.03,22.86,0
2025-01-21,23.17,23.14,23.18,23.12,0
2025-01-22,24.38,24.22,24.48,23.7,0
2025-01-23,24.6,24.55,24.62,24.44,0
2025-01-24,24.59,24.69,25.06,24.1,0
2025-01-27,24.69,24.9,24.96,24.64,0
2025-01-28,24.59,24.55,24.61,24.48,0
2025-01-29,24.21,24.31,24.68,24.04,0
2025-01-30,24.55,24.57,24.62,24.53,0
2025-01-31,24.42,24.43,24.51,24.28,0
2025-02-03,23.72,23.92,24.3,23.66,0
2025-02-04,24.59,24.07,24.83,23.43,0
2025-02-05,24.92,24.86,25.37,24.21,0
2025-02-06,24.32,24.38,24.59,23.76,0
2025-02-07,23.43,23.85,23.88,23.09,0
2025-02-10,24.0,24.01,24.13,23.95,0
2025-02-11,23.89,24.05,24.15,23.66,0
2025-02-12,24.49,24.48,24.5,24.46,0
2025-02-13,24.44,24.46,24.93,24.11,0
2025-02-14,24.7,24.56,24.97,24.26,0
2025-02-18,24.53,24.61,24.93,24.16,0
2025-02-19,24.72,24.57,25.02,24.2,0
2025-02-20,24.56,24.62,25.17,24.5,0
2025-02-21,23.86,23.92,24.31,23.81,0
2025-02-24,23.29,23.52,23.94,22.9,0
2025-02-25,23.25,23.43,23.99,22.73,0
2025-02-26,23.86,23.66,23.89,23.59,0
2025-02-27,23.4,23.46,23.66,23.37,0
2025-02-28,23.91,23.92,23.94,23.85,0
2025-03-03,24.33,24.1,24.74,23.45,0
2025-03-04,25.45,24.68,25.58,23.94,0
2025-03-05,25.45,25.43,25.47,25.32,0
2025-03-06,25.49,25.59,25.62,25.47,0
2025-03-07,26.15,25.96,26.86,25.79,0
2025-03-10,26.01,26.0,26.02,25.99,0
2025-03-11,25.43,25.54,25.73,24.74,0
2025-03-12,24.84,24.84,24.84,24.84,0
2025-03-13,24.51,24.69,25.35,24.22,0
2025-03-14,24.8,24.76,24.84,24.68,0
2025-03-17,23.97,24.22,24.38,23.85,0
2025-03-18,24.32,24.27,24.41,24.24,0
2025-03-19,24.6,24.6,24.6,24.6,0
2025-03-20,25.05,25.04,25.39,24.84,0
2025-03-21,24.98,24.95,25.15,24.76,0
2025-03-24,24.49,24.61,24.64,24.48,0
2025-03-25,24.1,24.09,24.1,24.08,0
2025-03-26,24.05,24.07,24.1,24.02,0
2025-03-27,24.4,24.38,24.45,24.32,0
2025-03-28,23.99,24.15,24.21,23.96,0
2025-03-31,24.07,24.09,24.12,23.6,0
2025-04-01,24.12,24.13,24.24,23.83,0
2025-04-02,24.68,24.63,24.71,24.53,0
2025-04-03,25.1,24.96,25.1,24.64,0
2025-04-04,24.26,24.19,24.35,24.15,0
2025-04-07,24.05,24.05,24.51,23.83,0
2025-04-08,23.63,23.96,24.31,23.57,0
2025-04-09,24.17,24.2,24.36,23.98,0
2025-04-10,24.57,24.04,24.72,23.56,0
2025-04-11,24.12,24.17,24.71,23.5,0
2025-04-14,23.78,23.78,23.78,23.77,0
2025-04-15,24.76,24.73,24.79,24.71,0
2025-04-16,24.83,24.88,25.04,24.68,0
2025-04-17,25.25,25.44,25.55,25.12,0
2025-04-18,25.47,25.48,25.64,25.41,0
2025-04-21,26.04,25.91,26.08,25.87,0
2025-04-22,26.08,26.15,26.21,26.06,0
2025-04-23,25.94,26.07,26.56,25.17,0
2025-04-24,26.24,26.31,26.38,26.23,0
2025-04-25,26.51,26.46,26.75,26.17,0
2025-04-28,26.52,26.52,26.52,26.51,0
2025-04-29,26.42,26.44,26.5,26.39,0
2025-04-30,26.6,26.36,26.76,26.07,0
2025-05-01,25.97,26.01,26.02,25.94,0
2025-05-02,25.23,25.24,25.76,25.19,0
2025-05-05,24.91,24.9,24.91,24.9,0
2025-05-06,24.37,24.57,24.67,24.33,0
2025-05-07,24.34,24.51,24.69,24.27,0
2025-05-08,23.96,23.98,24.42,23.2,0
2025-05-09,24.25,24.21,24.28,24.21,0
2025-05-12,24.27,24.26,24.32,24.19,0
2025-05-13,24.71,24.63,24.79,24.59,0
2025-05-14,23.53,24.15,24.24,23.44,0
2025-05-15,24.83,24.76,25.02,24.42,0
2025-05-16,24.58,24.51,24.86,24.16,0
2025-05-19,24.19,24.19,24.2,24.18,0
2025-05-20,23.69,23.7,23.7,23.69,0
2025-05-21,23.4,23.59,24.02,23.0,0
2025-05-22,23.98,23.72,24.29,23.16,0
2025-05-23,23.69,23.79,23.98,23.62,0
2025-05-27,24.85,24.66,25.19,24.22,0
2025-05-28,25.24,25.19,25.25,24.37,0
2025-05-29,24.9,25.18,25.29,24.89,0
2025-05-30,25.39,25.31,25.41,25.27,0
2025-06-02,25.48,25.49,25.49,25.47,0
2025-06-03,25.93,25.94,26.07,25.78,0
2025-06-04,25.57,25.57,25.57,25.57,0
2025-06-05,25.47,25.2,25.51,24.66,0
2025-06-06,25.91,25.72,26.18,25.17,0
2025-06-09,24.95,24.99,25.53,24.91,0
2025-06-10,24.36,24.43,24.94,24.19,0
2025-06-11,23.58,23.64,23.7,23.53,0
2025-06-12,23.55,23.43,23.65,23.27,0
2025-06-13,24.19,23.9,24.55,23.79,0
2025-06-16,22.97,23.3,23.68,22.77,0
2025-06-17,23.11,23.17,23.18,23.1,0
2025-06-18,23.36,23.42,23.59,22.9,0
2025-06-19,23.36,23.16,23.6,22.8,0
2025-06-20,23.22,23.24,23.37,23.14,0
2025-06-23,22.58,22.55,23.13,22.21,0
2025-06-24,22.62,22.62,22.69,22.58,0
2025-06-25,22.54,22.55,22.94,22.17,0
2025-06-26,23.05,23.05,23.19,22.57,0
2025-06-27,23.31,23.34,23.45,23.3,0
2025-06-30,23.22,23.3,23.65,23.01,0
2025-07-01,23.72,23.57,23.77,23.46,0
2025-07-02,23.59,23.62,23.69,23.46,0
2025-07-03,23.99,23.98,24.08,23.88,0
2025-07-07,23.81,23.87,23.98,23.73,0
2025-07-08,23.39,23.37,23.74,23.05,0
2025-07-09,23.6,23.27,23.75,23.04,0
2025-07-10,22.84,22.84,22.86,22.81,0
2025-07-11,31.18,31.26,31.38,31.02,0
2025-07-14,30.65,30.47,30.7,30.43,0
2025-07-15,29.9,30.13,30.13,29.72,0
2025-07-16,30.08,30.09,30.7,29.77,0
2025-07-17,29.07,29.07,29.12,28.96,0
2025-07-18,28.14,28.07,28.36,28.01,0
2025-07-21,27.84,27.9,27.97,27.52,0
2025-07-22,28.02,27.86,28.13,27.34,0
2025-07-23,27.4,27.57,27.93,27.23,0
2025-07-24,27.15,27.23,27.28,27.0,0
2025-07-25,27.13,27.11,27.14,27.11,0
2025-07-28,27.25,27.27,27.3,27.24,0
2025-07-29,27.24,27.31,27.54,27.21,0
2025-07-30,26.92,27.01,27.1,26.88,0
2025-07-31,26.84,26.54,26.94,26.51,0
2025-08-01,26.16,26.15,26.3,26.07,0
2025-08-04,26.17,26.21,26.24,26.16,0
2025-08-05,25.86,25.93,25.96,25.84,0
2025-08-06,26.12,26.12,26.14,26.11,0
2025-08-07,25.95,25.97,26.35,25.78,0
2025-08-08,25.34,25.39,25.45,25.26,0
2025-08-11,25.58,25.33,26.08,25.05,0
2025-08-12,25.22,25.22,25.26,25.13,0
2025-08-13,25.03,24.82,25.11,24.21,0
2025-08-14,24.75,24.86,24.96,24.69,0
2025-08-15,24.55,24.56,24.58,24.54,0
2025-08-18,24.16,24.52,24.63,24.16,0
2025-08-19,24.93,24.83,25.33,24.73,0
2025-08-20,24.69,24.73,24.78,24.61,0
2025-08-21,25.02,24.32,25.14,24.1,0
2025-08-22,24.63,24.5,24.85,23.84,0
2025-08-25,24.84,24.78,24.9,24.12,0
2025-08-26,24.67,24.67,24.69,24.66,0
2025-08-27,24.54,24.55,24.82,24.21,0
2025-08-28,23.89,24.24,24.95,23.45,0
2025-08-29,24.07,24.3,24.54,23.72,0
2025-09-02,24.07,24.09,24.12,23.98,0
2025-09-03,23.43,24.03,24.06,23.26,0
2025-09-04,22.83,23.47,23.55,22.77,0
2025-09-05,23.13,23.15,23.17,23.12,0
2025-09-08,22.26,22.41,22.65,22.17,0
2025-09-09,22.55,22.78,23.44,22.16,0
2025-09-10,22.08,22.0,22.1,21.7,0
2025-09-11,22.04,21.84,22.06,21.55,0
2025-09-12,21.54,21.5,21.54,21.45,0
2025-09-15,21.73,21.69,21.75,21.36,0
2025-09-16,20.6,21.04,21.55,20.52,0
2025-09-17,21.47,21.54,21.61,20.82,0
2025-09-18,21.31,21.28,21.34,21.28,0
2025-09-19,22.05,22.06,22.07,22.03,0
2025-09-22,21.61,21.8,21.92,21.55,0
2025-09-23,21.66,21.55,21.67,21.28,0
2025-09-24,21.21,20.97,21.63,20.88,0
2025-09-25,21.14,20.97,21.19,20.96,0
2025-09-26,21.9,21.35,22.12,21.06,0
2025-09-29,21.21,21.27,21.41,21.19,0
2025-09-30,29.44,29.31,29.7,29.06,0
2025-10-01,30.45,29.73,30.52,29.0,0
2025-10-02,29.55,29.65,30.15,29.5,0
2025-10-03,28.49,28.3,28.5,27.81,0
2025-10-06,27.98,28.11,28.28,27.88,0
2025-10-07,27.96,27.94,27.96,27.67,0
2025-10-08,28.11,27.83,28.13,27.68,0
2025-10-09,27.42,27.5,27.63,27.41,0
2025-10-10,27.18,27.22,27.25,27.18,0
2025-10-13,26.43,26.85,26.91,26.25,0
2025-10-14,25.87,25.92,26.1,25.78,0
2025-10-15,25.51,25.48,26.33,24.91,0
2025-10-16,24.68,24.82,25.66,24.03,0
2025-10-17,24.41,24.36,24.41,24.35,0
2025-10-20,24.33,24.26,24.82,24.01,0
2025-10-21,24.34,24.05,24.37,23.99,0
2025-10-22,24.07,24.12,24.16,24.01,0
2025-10-23,24.28,24.22,24.68,23.64,0
2025-10-24,24.84,24.64,25.06,24.23,0
2025-10-27,24.4,24.47,24.6,24.39,0
2025-10-28,24.02,24.15,24.25,23.93,0
2025-10-29,24.32,24.35,24.42,24.28,0
2025-10-30,24.26,24.28,24.6,24.15,0
2025-10-31,24.81,24.55,24.82,24.55,0
2025-11-03,24.43,24.46,24.47,24.42,0
2025-11-04,23.9,24.16,24.28,23.8,0
2025-11-05,23.79,23.78,24.04,23.33,0
2025-11-06,23.16,23.5,23.54,23.12,0
2025-11-07,23.9,23.77,23.91,23.57,0
2025-11-10,23.58,23.56,23.58,23.56,0
2025-11-11,22.38,22.34,22.48,22.13,0
2025-11-12,22.37,22.05,22.51,21.98,0
2025-11-13,22.16,22.22,22.38,21.84,0
2025-11-14,22.06,22.17,22.45,21.83,0
2025-11-17,22.39,22.28,22.54,22.13,0
2025-11-18,22.93,22.88,23.21,22.61,0
2025-11-19,22.87,22.83,23.02,22.74,0
2025-11-20,22.65,22.61,22.66,22.57,0
2025-11-21,22.54,22.53,22.81,22.11,0
2025-11-24,22.95,22.95,23.07,22.94,0
2025-11-25,23.15,23.11,23.34,22.86,0
2025-11-26,22.76,22.77,22.86,22.45,0
2025-11-28,22.92,22.98,23.16,22.84,0
2025-12-01,23.07,23.07,23.1,23.07,0
2025-12-02,23.27,23.42,23.48,23.19,0
2025-12-03,23.25,23.25,23.34,23.15,0
2025-12-04,23.24,23.4,23.42,23.19,0
2025-12-05,23.88,23.93,23.95,23.87,0
2025-12-08,23.95,23.87,23.98,23.81,0
2025-12-09,24.62,24.66,25.3,24.22,0
2025-12-10,24.27,24.48,24.75,24.1,0
2025-12-11,24.66,24.59,24.7,24.36,0
2025-12-12,24.54,24.54,24.6,24.48,0
2025-12-15,23.63,23.94,24.03,23.62,0
2025-12-16,24.08,24.21,24.39,24.04,0
2025-12-17,24.49,24.51,24.64,24.24,0
2025-12-18,24.19,24.32,24.67,23.7,0
2025-12-19,23.59,23.59,23.6,23.59,0
2025-12-22,23.43,23.4,23.82,23.18,0
2025-12-23,23.07,22.68,23.29,22.37,0
2025-12-24,22.44,22.49,22.5,22.37,0
2025-12-26,22.37,22.3,22.67,21.89,0
2025-12-29,22.32,22.27,22.48,22.25,0
2025-12-30,22.21,22.17,22.33,21.88,0
2025-12-31,22.2,22.13,22.25,21.91,0
2026-01-02,21.88,22.21,22.73,21.47,0
2026-01-05,21.72,21.95,22.63,21.67,0
2026-01-06,22.6,22.58,22.64,22.52,0
2026-01-07,22.45,22.4,22.51,22.1,0
2026-01-08,22.24,22.19,22.53,21.9,0
2026-01-09,22.77,22.66,22.8,22.6,0
2026-01-12,23.42,23.04,23.46,22.43,0
2026-01-13,23.16,23.16,23.16,23.16,0
2026-01-14,23.23,23.21,23.3,22.98,0
2026-01-15,23.37,23.11,23.53,22.97,0
2026-01-16,22.63,22.74,22.83,22.56,0
2026-01-20,22.23,22.38,22.47,22.18,0
2026-01-21,22.41,22.53,22.56,22.32,0
2026-01-22,21.91,21.92,21.94,21.89,0
2026-01-23,22.28,22.26,22.45,22.05,0
2026-01-26,21.63,21.72,21.81,21.47,0
2026-01-27,21.49,21.52,21.71,21.43,0
2026-01-28,21.74,21.52,21.88,21.48,0
2026-01-29,21.59,21.58,21.63,21.53,0
2026-01-30,21.48,21.85,22.04,21.48,0
2026-02-02,21.71,21.73,21.75,21.67,0
2026-02-03,22.25,22.24,22.25,22.24,0
2026-02-04,22.89,22.43,23.16,22.16,0
2026-02-05,22.96,22.72,23.54,21.88,0
2026-02-06,21.47,21.47,21.47,21.47,0
2026-02-09,21.09,21.2,21.34,20.84,0
2026-02-10,21.93,21.46,22.16,20.79,0
2026-02-11,21.86,21.86,21.98,21.81,0
2026-02-12,20.81,21.09,21.55,20.62,0
2026-02-13,20.33,20.61,20.71,20.28,0
2026-02-17,20.79,20.68,20.79,20.67,0
2026-02-18,20.87,20.87,20.9,20.82,0
2026-02-19,21.08,20.87,21.23,20.55,0
2026-02-20,27.78,27.67,28.08,27.67,0
2026-02-23,27.26,27.19,27.27,27.18,0
2026-02-24,26.46,26.61,27.29,26.03,0
2026-02-25,26.72,26.96,27.09,26.51,0
2026-02-26,27.11,27.29,27.38,27.08,0
2026-02-27,26.43,26.89,27.09,26.35,0
2026-03-02,26.36,26.27,26.57,25.94,0
2026-03-03,26.89,26.42,27.06,25.8,0
2026-03-04,26.01,25.98,26.05,25.96,0
2026-03-05,25.85,25.67,25.89,25.5,0
2026-03-06,25.71,25.38,25.91,24.86,0
2026-03-09,25.05,25.03,25.09,24.92,0
2026-03-10,25.23,25.15,25.39,24.8,0
2026-03-11,26.11,26.03,26.17,25.97,0
2026-03-12,24.58,25.1,25.26,24.55,0
2026-03-13,25.43,25.38,25.48,25.28,0
2026-03-16,25.31,25.91,26.08,25.17,0
2026-03-17,26.21,25.76,26.49,25.62,0
2026-03-18,24.98,24.95,25.01,24.93,0
2026-03-19,25.07,24.82,25.27,24.8,0
2026-03-20,24.61,24.69,24.74,24.57,0
2026-03-23,24.59,24.37,24.75,24.07,0
2026-03-24,24.41,24.05,24.43,23.86,0
2026-03-25,24.03,23.99,24.04,23.98,0
2026-03-26,23.63,23.52,23.76,23.41,0
2026-03-27,23.62,23.25,23.63,22.71,0
2026-03-30,23.73,23.7,23.75,23.67,0
2026-03-31,23.19,23.18,23.2,23.18,0
2026-04-01,23.27,23.28,23.29,23.25,0
2026-04-02,23.03,23.0,23.04,22.99,0
2026-04-03,22.54,22.49,22.57,22.44,0
2026-04-06,22.78,22.74,22.89,22.57,0
2026-04-07,22.49,22.75,22.82,22.4,0
2026-04-08,23.23,22.74,23.35,22.71,0
2026-04-09,22.52,22.46,22.62,22.25,0
2026-04-10,21.99,22.27,22.42,21.83,0
2026-04-13,22.07,22.2,22.31,22.01,0
2026-04-14,21.89,21.62,21.95,21.47,0
2026-04-15,21.83,21.78,21.93,21.64,0
2026-04-16,22.45,22.33,22.91,21.49,0
2026-04-17,22.52,22.6,22.97,22.21,0
2026-04-20,22.24,22.36,22.57,22.12,0
2026-04-21,22.65,22.67,22.96,22.63,0
2026-04-22,22.67,22.56,22.82,21.91,0
2026-04-23,22.95,22.95,22.95,22.94,0
2026-04-24,23.5,23.58,23.86,22.91,0
2026-04-27,23.37,23.11,23.49,23.1,0
2026-04-28,22.61,22.69,22.83,22.46,0
2026-04-29,23.63,23.37,23.72,22.88,0
2026-04-30,23.31,23.52,23.88,23.01,0
2026-05-01,22.92,22.92,22.94,22.91,0
2026-05-04,23.27,23.35,23.35,23.12,0
2026-05-05,23.18,23.34,23.45,23.08,0
2026-05-06,23.46,23.54,23.8,22.9,0
2026-05-07,23.39,23.43,23.53,23.31,0
2026-05-08,22.74,22.99,23.11,22.67,0
2026-05-11,23.39,23.12,23.84,22.57,0
2026-05-12,22.79,22.61,22.89,22.59,0
2026-05-13,22.51,22.13,22.76,22.04,0
2026-05-14,22.6,22.72,22.75,22.46,0
2026-05-15,22.74,22.93,23.26,22.69,0
2026-05-18,23.07,23.07,23.08,23.0,0
2026-05-19,22.95,22.4,22.98,22.35,0
2026-05-20,21.53,21.58,21.76,21.47,0
2026-05-21,21.52,21.29,21.75,20.66,0
2026-05-22,20.6,20.56,20.71,20.52,0
2026-05-26,20.05,20.08,20.1,19.98,0
2026-05-27,20.5,20.45,20.67,20.24,0
2026-05-28,20.19,20.36,20.73,19.87,0
2026-05-29,27.9,27.95,28.13,27.75,0
2026-06-01,27.65,27.65,27.66,27.64,0
2026-06-02,33.8,34.24,34.8,33.75,0
2026-06-03,32.75,32.54,33.01,32.39,0
2026-06-04,31.5,31.48,31.5,31.44,0
2026-06-05,30.92,31.06,31.3,30.5,0
2026-06-08,30.43,30.43,30.43,30.43,0
2026-06-09,30.38,30.43,30.43,30.24,0
2026-06-10,30.02,30.26,30.34,29.82,0
2026-06-11,30.2,30.46,30.5,30.15,0
2026-06-12,30.04,29.76,30.73,29.21,0
2026-06-15,29.26,29.25,29.26,28.86,0
2026-06-16,28.92,28.87,29.77,28.01,0
2026-06-17,28.3,28.65,29.14,28.13,0
2026-06-18,27.88,27.89,27.91,27.84,0
2026-06-19,26.34,26.92,27.44,26.33,0
2026-06-22,26.27,26.37,26.85,25.47,0
2026-06-23,25.84,25.84,25.93,25.69,0
2026-06-24,25.82,25.49,25.86,25.46,0
2026-06-25,25.01,25.35,26.0,24.78,0
2026-06-26,24.92,25.32,25.77,24.7,0
2026-06-29,26.18,25.24,26.2,24.7,0
2026-06-30,25.29,25.35,25.37,25.28,0
2026-07-01,24.83,25.02,25.39,24.38,0
2026-07-02,24.67,24.74,24.8,24.49,0
2026-07-03,24.96,24.96,24.98,24.95,0
2026-07-06,25.62,25.2,25.7,25.1,0
2026-07-07,25.28,25.25,25.28,25.25,0
2026-07-08,25.13,25.01,25.43,24.91,0
2026-07-09,24.6,24.6,24.62,24.59,0
2026-07-10,24.22,24.21,24.23,24.19,0
2026-07-13,23.72,23.7,23.75,23.67,0
2026-07-14,24.09,24.18,24.53,24.01,0
2026-07-15,24.3,24.54,24.99,23.9,0
2026-07-16,25.08,24.97,25.33,24.49,0
2026-07-17,25.4,25.24,25.43,25.24,0
2026-07-20,24.77,24.91,25.81,24.56,0
2026-07-21,25.38,25.37,25.5,25.32,0
2026-07-22,25.59,25.6,25.61,25.56,0
2026-07-23,25.51,25.25,25.51,24.85,0
2026-07-24,24.84,24.85,24.88,24.84,0
2026-07-27,24.86,24.87,24.89,24.84,0
2026-07-28,25.05,25.09,25.48,24.72,0
2026-07-29,25.36,25.52,25.61,25.25,0
2026-07-30,25.05,24.87,25.11,24.73,0
2026-07-31,24.55,24.42,24.83,24.28,0
2026-08-03,24.86,24.83,24.98,24.83,0
2026-08-04,24.38,24.41,24.53,24.38,0
2026-08-05,24.1,24.1,24.1,24.07,0
2026-08-06,24.08,24.22,24.26,23.88,0
2026-08-07,23.9,24.13,24.25,23.85,0
